<?xml version="1.0" encoding="UTF-8"?>
<EngineeringData version="24.1.0.230" versiondate="2023/11/28 上午 08:50:00">
  <Notes>
  </Notes>
  <Materials>
    <MatML_Doc>
      <Material>
        <BulkDetails>
          <Name>Structural Steel</Name>
          <Description>Fatigue Data at zero mean stress comes from 1998 ASME BPV Code, Section 8, Div 2, Table 5-110.1</Description>
          <PropertyData property="pr0">
            <Data format="string">-</Data>
            <ParameterValue parameter="pa0" format="float">
              <Data>0</Data>
              <Qualifier name="Variable Type">Dependent</Qualifier>
              <Qualifier name="Offset">0 [Pa]</Qualifier>
              <Qualifier name="Scale">1</Qualifier>
              <Qualifier name="Units">Pa</Qualifier>
            </ParameterValue>
          </PropertyData>
          <PropertyData property="pr1">
            <Data format="string">-</Data>
            <ParameterValue parameter="pa1" format="float">
              <Data>250000000</Data>
              <Qualifier name="Variable Type">Dependent</Qualifier>
              <Qualifier name="Offset">0 [Pa]</Qualifier>
              <Qualifier name="Scale">1</Qualifier>
              <Qualifier name="Units">Pa</Qualifier>
            </ParameterValue>
          </PropertyData>
          <PropertyData property="pr2">
            <Data format="string">-</Data>
            <Qualifier name="Field Variable Compatible">Temperature</Qualifier>
            <ParameterValue parameter="pa2" format="string">
              <Data>Interpolation Options</Data>
              <Qualifier name="AlgorithmType">Linear Multivariate (Qhull)</Qualifier>
              <Qualifier name="Normalized">True</Qualifier>
              <Qualifier name="Cached">True</Qualifier>
              <Qualifier name="ExtrapolationType">Projection to the Bounding Box</Qualifier>
            </ParameterValue>
            <ParameterValue parameter="pa3" format="float">
              <Data>7850</Data>
              <Qualifier name="Variable Type">Dependent</Qualifier>
              <Qualifier name="Offset">0 [kg m^-3]</Qualifier>
              <Qualifier name="Scale">1</Qualifier>
              <Qualifier name="Units">kg m^-3</Qualifier>
            </ParameterValue>
            <ParameterValue parameter="pa5" format="float">
              <Data>7.88860905221012e-31</Data>
              <Qualifier name="Variable Type">Independent</Qualifier>
              <Qualifier name="Offset">0 [C]</Qualifier>
              <Qualifier name="Scale">1</Qualifier>
              <Qualifier name="Units">C</Qualifier>
              <Qualifier name="Field Variable">Temperature</Qualifier>
              <Qualifier name="Default Data">22</Qualifier>
              <Qualifier name="Field Units">C</Qualifier>
              <Qualifier name="Upper Limit">Program Controlled</Qualifier>
              <Qualifier name="Lower Limit">Program Controlled</Qualifier>
            </ParameterValue>
          </PropertyData>
          <PropertyData property="pr4">
            <Data format="string">-</Data>
            <ParameterValue parameter="pa9" format="float">
              <Data>250000000</Data>
              <Qualifier name="Variable Type">Dependent</Qualifier>
              <Qualifier name="Offset">0 [Pa]</Qualifier>
              <Qualifier name="Scale">1</Qualifier>
              <Qualifier name="Units">Pa</Qualifier>
            </ParameterValue>
          </PropertyData>
          <PropertyData property="pr5">
            <Data format="string">-</Data>
            <ParameterValue parameter="pa10" format="float">
              <Data>460000000</Data>
              <Qualifier name="Variable Type">Dependent</Qualifier>
              <Qualifier name="Offset">0 [Pa]</Qualifier>
              <Qualifier name="Scale">1</Qualifier>
              <Qualifier name="Units">Pa</Qualifier>
            </ParameterValue>
          </PropertyData>
          <PropertyData property="pr7">
            <Data format="string">-</Data>
            <Qualifier name="Definition">Secant</Qualifier>
            <Qualifier name="Behavior">Isotropic</Qualifier>
            <Qualifier name="Field Variable Compatible">Temperature</Qualifier>
            <ParameterValue parameter="pa2" format="string">
              <Data>Interpolation Options</Data>
              <Qualifier name="AlgorithmType">Linear Multivariate (Qhull)</Qualifier>
              <Qualifier name="Normalized">True</Qualifier>
              <Qualifier name="Cached">True</Qualifier>
              <Qualifier name="ExtrapolationType">Projection to the Bounding Box</Qualifier>
            </ParameterValue>
            <ParameterValue parameter="pa13" format="float">
              <Data>1.2e-05</Data>
              <Qualifier name="Variable Type">Dependent</Qualifier>
              <Qualifier name="Offset">0 [C^-1]</Qualifier>
              <Qualifier name="Scale">1</Qualifier>
              <Qualifier name="Units">C^-1</Qualifier>
            </ParameterValue>
            <ParameterValue parameter="pa5" format="float">
              <Data>7.88860905221012e-31</Data>
              <Qualifier name="Variable Type">Independent</Qualifier>
              <Qualifier name="Offset">0 [C]</Qualifier>
              <Qualifier name="Scale">1</Qualifier>
              <Qualifier name="Units">C</Qualifier>
              <Qualifier name="Field Variable">Temperature</Qualifier>
              <Qualifier name="Default Data">22</Qualifier>
              <Qualifier name="Field Units">C</Qualifier>
              <Qualifier name="Upper Limit">Program Controlled</Qualifier>
              <Qualifier name="Lower Limit">Program Controlled</Qualifier>
            </ParameterValue>
          </PropertyData>
          <PropertyData property="pr9">
            <Data format="string">-</Data>
            <Qualifier name="Definition">Secant</Qualifier>
            <Qualifier name="Behavior">Isotropic</Qualifier>
            <ParameterValue parameter="pa14" format="float">
              <Data>22</Data>
              <Qualifier name="Variable Type">Dependent</Qualifier>
              <Qualifier name="Offset">0 [C]</Qualifier>
              <Qualifier name="Scale">1</Qualifier>
              <Qualifier name="Units">C</Qualifier>
            </ParameterValue>
            <ParameterValue parameter="pa8" format="string">
              <Data>Coefficient of Thermal Expansion</Data>
            </ParameterValue>
          </PropertyData>
          <PropertyData property="pr11">
            <Data format="string">-</Data>
            <Qualifier name="Definition">Constant Pressure</Qualifier>
            <Qualifier name="Field Variable Compatible">Temperature</Qualifier>
            <Qualifier name="Symbol">Cᵨ</Qualifier>
            <ParameterValue parameter="pa2" format="string">
              <Data>Interpolation Options</Data>
              <Qualifier name="AlgorithmType">Linear Multivariate (Qhull)</Qualifier>
              <Qualifier name="Normalized">True</Qualifier>
              <Qualifier name="Cached">True</Qualifier>
              <Qualifier name="ExtrapolationType">Projection to the Bounding Box</Qualifier>
            </ParameterValue>
            <ParameterValue parameter="pa17" format="float">
              <Data>434</Data>
              <Qualifier name="Variable Type">Dependent</Qualifier>
              <Qualifier name="Offset">0 [J kg^-1 C^-1]</Qualifier>
              <Qualifier name="Scale">1</Qualifier>
              <Qualifier name="Units">J kg^-1 C^-1</Qualifier>
            </ParameterValue>
            <ParameterValue parameter="pa5" format="float">
              <Data>7.88860905221012e-31</Data>
              <Qualifier name="Variable Type">Independent</Qualifier>
              <Qualifier name="Offset">0 [C]</Qualifier>
              <Qualifier name="Scale">1</Qualifier>
              <Qualifier name="Units">C</Qualifier>
              <Qualifier name="Field Variable">Temperature</Qualifier>
              <Qualifier name="Default Data">22</Qualifier>
              <Qualifier name="Field Units">C</Qualifier>
              <Qualifier name="Upper Limit">Program Controlled</Qualifier>
              <Qualifier name="Lower Limit">Program Controlled</Qualifier>
            </ParameterValue>
          </PropertyData>
          <PropertyData property="pr12">
            <Data format="string">-</Data>
            <Qualifier name="Behavior">Isotropic</Qualifier>
            <Qualifier name="Field Variable Compatible">Temperature</Qualifier>
            <ParameterValue parameter="pa2" format="string">
              <Data>Interpolation Options</Data>
              <Qualifier name="AlgorithmType">Linear Multivariate (Qhull)</Qualifier>
              <Qualifier name="Normalized">True</Qualifier>
              <Qualifier name="Cached">True</Qualifier>
              <Qualifier name="ExtrapolationType">Projection to the Bounding Box</Qualifier>
            </ParameterValue>
            <ParameterValue parameter="pa20" format="float">
              <Data>60.5</Data>
              <Qualifier name="Variable Type">Dependent</Qualifier>
              <Qualifier name="Offset">0 [W m^-1 C^-1]</Qualifier>
              <Qualifier name="Scale">1</Qualifier>
              <Qualifier name="Units">W m^-1 C^-1</Qualifier>
            </ParameterValue>
            <ParameterValue parameter="pa5" format="float">
              <Data>21</Data>
              <Qualifier name="Variable Type">Independent</Qualifier>
              <Qualifier name="Offset">0 [C]</Qualifier>
              <Qualifier name="Scale">1</Qualifier>
              <Qualifier name="Units">C</Qualifier>
              <Qualifier name="Field Variable">Temperature</Qualifier>
              <Qualifier name="Default Data">22</Qualifier>
              <Qualifier name="Field Units">C</Qualifier>
              <Qualifier name="Upper Limit">Program Controlled</Qualifier>
              <Qualifier name="Lower Limit">Program Controlled</Qualifier>
            </ParameterValue>
          </PropertyData>
          <PropertyData property="pr13">
            <Data format="string">-</Data>
            <Qualifier name="Interpolation">Log-Log</Qualifier>
            <Qualifier name="Field Variable Compatible">Mean Stress</Qualifier>
            <ParameterValue parameter="pa21" format="float">
              <Data>3999000000,2827000000,1896000000,1413000000,1069000000,441000000,262000000,214000000,138000000,114000000,86200000</Data>
              <Qualifier name="Variable Type">Dependent,Dependent,Dependent,Dependent,Dependent,Dependent,Dependent,Dependent,Dependent,Dependent,Dependent</Qualifier>
              <Qualifier name="Offset">0 [Pa],0 [Pa],0 [Pa],0 [Pa],0 [Pa],0 [Pa],0 [Pa],0 [Pa],0 [Pa],0 [Pa],0 [Pa]</Qualifier>
              <Qualifier name="Scale">1,1,1,1,1,1,1,1,1,1,1</Qualifier>
              <Qualifier name="Units">Pa,Pa,Pa,Pa,Pa,Pa,Pa,Pa,Pa,Pa,Pa</Qualifier>
            </ParameterValue>
            <ParameterValue parameter="pa22" format="float">
              <Data>10,20,50,100,200,2000,10000,20000,100000,200000,1000000</Data>
              <Qualifier name="Variable Type">Independent,Independent,Independent,Independent,Independent,Independent,Independent,Independent,Independent,Independent,Independent</Qualifier>
              <Qualifier name="Offset">0,0,0,0,0,0,0,0,0,0,0</Qualifier>
              <Qualifier name="Scale">1,1,1,1,1,1,1,1,1,1,1</Qualifier>
              <Qualifier name="Units">,,,,,,,,,,</Qualifier>
            </ParameterValue>
            <ParameterValue parameter="pa23" format="float">
              <Data>0,0,0,0,0,0,0,0,0,0,0</Data>
              <Qualifier name="Variable Type">Independent,Independent,Independent,Independent,Independent,Independent,Independent,Independent,Independent,Independent,Independent</Qualifier>
              <Qualifier name="Offset">0 [Pa],0 [Pa],0 [Pa],0 [Pa],0 [Pa],0 [Pa],0 [Pa],0 [Pa],0 [Pa],0 [Pa],0 [Pa]</Qualifier>
              <Qualifier name="Scale">1,1,1,1,1,1,1,1,1,1,1</Qualifier>
              <Qualifier name="Units">Pa,Pa,Pa,Pa,Pa,Pa,Pa,Pa,Pa,Pa,Pa</Qualifier>
              <Qualifier name="Field Variable">Mean Stress</Qualifier>
              <Qualifier name="Default Data">0</Qualifier>
              <Qualifier name="Field Units">Pa</Qualifier>
              <Qualifier name="Upper Limit">Program Controlled</Qualifier>
              <Qualifier name="Lower Limit">Program Controlled</Qualifier>
            </ParameterValue>
          </PropertyData>
          <PropertyData property="pr14">
            <Data format="string">-</Data>
            <Qualifier name="Display Curve Type">Strain-Life</Qualifier>
            <ParameterValue parameter="pa24" format="float">
              <Data>920000000</Data>
              <Qualifier name="Variable Type">Dependent</Qualifier>
              <Qualifier name="Offset">0 [Pa]</Qualifier>
              <Qualifier name="Scale">1</Qualifier>
              <Qualifier name="Units">Pa</Qualifier>
            </ParameterValue>
            <ParameterValue parameter="pa25" format="float">
              <Data>-0.106</Data>
              <Qualifier name="Variable Type">Dependent</Qualifier>
              <Qualifier name="Offset">0</Qualifier>
              <Qualifier name="Scale">1</Qualifier>
              <Qualifier name="Units">
              </Qualifier>
            </ParameterValue>
            <ParameterValue parameter="pa26" format="float">
              <Data>0.213</Data>
              <Qualifier name="Variable Type">Dependent</Qualifier>
              <Qualifier name="Offset">0</Qualifier>
              <Qualifier name="Scale">1</Qualifier>
              <Qualifier name="Units">
              </Qualifier>
            </ParameterValue>
            <ParameterValue parameter="pa27" format="float">
              <Data>-0.47</Data>
              <Qualifier name="Variable Type">Dependent</Qualifier>
              <Qualifier name="Offset">0</Qualifier>
              <Qualifier name="Scale">1</Qualifier>
              <Qualifier name="Units">
              </Qualifier>
            </ParameterValue>
            <ParameterValue parameter="pa28" format="float">
              <Data>1000000000</Data>
              <Qualifier name="Variable Type">Dependent</Qualifier>
              <Qualifier name="Offset">0 [Pa]</Qualifier>
              <Qualifier name="Scale">1</Qualifier>
              <Qualifier name="Units">Pa</Qualifier>
            </ParameterValue>
            <ParameterValue parameter="pa29" format="float">
              <Data>0.2</Data>
              <Qualifier name="Variable Type">Dependent</Qualifier>
              <Qualifier name="Offset">0</Qualifier>
              <Qualifier name="Scale">1</Qualifier>
              <Qualifier name="Units">
              </Qualifier>
            </ParameterValue>
          </PropertyData>
          <PropertyData property="pr15">
            <Data format="string">-</Data>
            <Qualifier name="Behavior">Isotropic</Qualifier>
            <ParameterValue parameter="pa30" format="float">
              <Data>1.7e-07</Data>
              <Qualifier name="Variable Type">Dependent</Qualifier>
              <Qualifier name="Offset">0 [ohm m]</Qualifier>
              <Qualifier name="Scale">1</Qualifier>
              <Qualifier name="Units">ohm m</Qualifier>
            </ParameterValue>
            <ParameterValue parameter="pa5" format="float">
              <Data>7.88860905221012e-31</Data>
              <Qualifier name="Variable Type">Independent</Qualifier>
              <Qualifier name="Offset">0 [C]</Qualifier>
              <Qualifier name="Scale">1</Qualifier>
              <Qualifier name="Units">C</Qualifier>
            </ParameterValue>
          </PropertyData>
          <PropertyData property="pr10">
            <Data format="string">-</Data>
            <Qualifier name="Behavior">Isotropic</Qualifier>
            <Qualifier name="Derive from">Young's Modulus and Poisson's Ratio</Qualifier>
            <Qualifier name="Field Variable Compatible">Temperature</Qualifier>
            <ParameterValue parameter="pa2" format="string">
              <Data>Interpolation Options</Data>
              <Qualifier name="AlgorithmType">Linear Multivariate (Qhull)</Qualifier>
              <Qualifier name="Normalized">True</Qualifier>
              <Qualifier name="Cached">True</Qualifier>
              <Qualifier name="ExtrapolationType">Projection to the Bounding Box</Qualifier>
            </ParameterValue>
            <ParameterValue parameter="pa15" format="float">
              <Data>200000000000</Data>
              <Qualifier name="Variable Type">Dependent</Qualifier>
              <Qualifier name="Offset">0 [Pa]</Qualifier>
              <Qualifier name="Scale">1</Qualifier>
              <Qualifier name="Units">Pa</Qualifier>
            </ParameterValue>
            <ParameterValue parameter="pa16" format="float">
              <Data>0.3</Data>
              <Qualifier name="Variable Type">Dependent</Qualifier>
              <Qualifier name="Offset">0</Qualifier>
              <Qualifier name="Scale">1</Qualifier>
              <Qualifier name="Units">
              </Qualifier>
            </ParameterValue>
            <ParameterValue parameter="pa18" format="float">
              <Data>166666666666.667</Data>
              <Qualifier name="Variable Type">Dependent</Qualifier>
              <Qualifier name="Offset">0 [Pa]</Qualifier>
              <Qualifier name="Scale">1</Qualifier>
              <Qualifier name="Units">Pa</Qualifier>
            </ParameterValue>
            <ParameterValue parameter="pa19" format="float">
              <Data>76923076923.0769</Data>
              <Qualifier name="Variable Type">Dependent</Qualifier>
              <Qualifier name="Offset">0 [Pa]</Qualifier>
              <Qualifier name="Scale">1</Qualifier>
              <Qualifier name="Units">Pa</Qualifier>
            </ParameterValue>
            <ParameterValue parameter="pa5" format="float">
              <Data>7.88860905221012e-31</Data>
              <Qualifier name="Variable Type">Independent</Qualifier>
              <Qualifier name="Offset">0 [C]</Qualifier>
              <Qualifier name="Scale">1</Qualifier>
              <Qualifier name="Units">C</Qualifier>
              <Qualifier name="Field Variable">Temperature</Qualifier>
              <Qualifier name="Default Data">22</Qualifier>
              <Qualifier name="Field Units">C</Qualifier>
              <Qualifier name="Upper Limit">Program Controlled</Qualifier>
              <Qualifier name="Lower Limit">Program Controlled</Qualifier>
            </ParameterValue>
          </PropertyData>
          <PropertyData property="pr16">
            <Data format="string">-</Data>
            <Qualifier name="Behavior">Isotropic</Qualifier>
            <ParameterValue parameter="pa32" format="float">
              <Data>10000</Data>
              <Qualifier name="Variable Type">Dependent</Qualifier>
              <Qualifier name="Offset">0</Qualifier>
              <Qualifier name="Scale">1</Qualifier>
              <Qualifier name="Units">
              </Qualifier>
            </ParameterValue>
          </PropertyData>
          <PropertyData property="pr3">
            <Data format="string">-</Data>
            <ParameterValue parameter="pa4" format="float">
              <Data>-1</Data>
              <Qualifier name="Variable Type">Dependent</Qualifier>
              <Qualifier name="Offset">0</Qualifier>
              <Qualifier name="Scale">1</Qualifier>
              <Qualifier name="Units">
              </Qualifier>
            </ParameterValue>
            <ParameterValue parameter="pa6" format="float">
              <Data>-1</Data>
              <Qualifier name="Variable Type">Dependent</Qualifier>
              <Qualifier name="Offset">0</Qualifier>
              <Qualifier name="Scale">1</Qualifier>
              <Qualifier name="Units">
              </Qualifier>
            </ParameterValue>
            <ParameterValue parameter="pa7" format="float">
              <Data>-1</Data>
              <Qualifier name="Variable Type">Dependent</Qualifier>
              <Qualifier name="Offset">0</Qualifier>
              <Qualifier name="Scale">1</Qualifier>
              <Qualifier name="Units">
              </Qualifier>
            </ParameterValue>
            <ParameterValue parameter="pa8" format="string">
              <Data>Appearance</Data>
            </ParameterValue>
          </PropertyData>
        </BulkDetails>
      </Material>
      <Material>
        <BulkDetails>
          <Name>Aluminum Alloy</Name>
          <Description>General aluminum alloy.  Fatigue properties come from MIL-HDBK-5H, page 3-277. </Description>
          <PropertyData property="pr3">
            <Data format="string">-</Data>
            <ParameterValue parameter="pa4" format="float">
              <Data>138</Data>
              <Qualifier name="Variable Type">Dependent</Qualifier>
              <Qualifier name="Offset">0</Qualifier>
              <Qualifier name="Scale">1</Qualifier>
              <Qualifier name="Units">
              </Qualifier>
            </ParameterValue>
            <ParameterValue parameter="pa6" format="float">
              <Data>104</Data>
              <Qualifier name="Variable Type">Dependent</Qualifier>
              <Qualifier name="Offset">0</Qualifier>
              <Qualifier name="Scale">1</Qualifier>
              <Qualifier name="Units">
              </Qualifier>
            </ParameterValue>
            <ParameterValue parameter="pa7" format="float">
              <Data>46</Data>
              <Qualifier name="Variable Type">Dependent</Qualifier>
              <Qualifier name="Offset">0</Qualifier>
              <Qualifier name="Scale">1</Qualifier>
              <Qualifier name="Units">
              </Qualifier>
            </ParameterValue>
            <ParameterValue parameter="pa8" format="string">
              <Data>Appearance</Data>
            </ParameterValue>
          </PropertyData>
          <PropertyData property="pr0">
            <Data format="string">-</Data>
            <ParameterValue parameter="pa0" format="float">
              <Data>0</Data>
              <Qualifier name="Variable Type">Dependent</Qualifier>
              <Qualifier name="Offset">0 [Pa]</Qualifier>
              <Qualifier name="Scale">1</Qualifier>
              <Qualifier name="Units">Pa</Qualifier>
            </ParameterValue>
          </PropertyData>
          <PropertyData property="pr1">
            <Data format="string">-</Data>
            <ParameterValue parameter="pa1" format="float">
              <Data>280000000</Data>
              <Qualifier name="Variable Type">Dependent</Qualifier>
              <Qualifier name="Offset">0 [Pa]</Qualifier>
              <Qualifier name="Scale">1</Qualifier>
              <Qualifier name="Units">Pa</Qualifier>
            </ParameterValue>
          </PropertyData>
          <PropertyData property="pr2">
            <Data format="string">-</Data>
            <Qualifier name="Field Variable Compatible">Temperature</Qualifier>
            <ParameterValue parameter="pa2" format="string">
              <Data>Interpolation Options</Data>
              <Qualifier name="AlgorithmType">Linear Multivariate (Qhull)</Qualifier>
              <Qualifier name="Normalized">True</Qualifier>
              <Qualifier name="Cached">True</Qualifier>
              <Qualifier name="ExtrapolationType">Projection to the Bounding Box</Qualifier>
            </ParameterValue>
            <ParameterValue parameter="pa3" format="float">
              <Data>2770</Data>
              <Qualifier name="Variable Type">Dependent</Qualifier>
              <Qualifier name="Offset">0 [kg m^-3]</Qualifier>
              <Qualifier name="Scale">1</Qualifier>
              <Qualifier name="Units">kg m^-3</Qualifier>
            </ParameterValue>
            <ParameterValue parameter="pa5" format="float">
              <Data>7.88860905221012e-31</Data>
              <Qualifier name="Variable Type">Independent</Qualifier>
              <Qualifier name="Offset">0 [C]</Qualifier>
              <Qualifier name="Scale">1</Qualifier>
              <Qualifier name="Units">C</Qualifier>
              <Qualifier name="Field Variable">Temperature</Qualifier>
              <Qualifier name="Default Data">22</Qualifier>
              <Qualifier name="Field Units">C</Qualifier>
              <Qualifier name="Upper Limit">Program Controlled</Qualifier>
              <Qualifier name="Lower Limit">Program Controlled</Qualifier>
            </ParameterValue>
          </PropertyData>
          <PropertyData property="pr4">
            <Data format="string">-</Data>
            <ParameterValue parameter="pa9" format="float">
              <Data>280000000</Data>
              <Qualifier name="Variable Type">Dependent</Qualifier>
              <Qualifier name="Offset">0 [Pa]</Qualifier>
              <Qualifier name="Scale">1</Qualifier>
              <Qualifier name="Units">Pa</Qualifier>
            </ParameterValue>
          </PropertyData>
          <PropertyData property="pr5">
            <Data format="string">-</Data>
            <ParameterValue parameter="pa10" format="float">
              <Data>310000000</Data>
              <Qualifier name="Variable Type">Dependent</Qualifier>
              <Qualifier name="Offset">0 [Pa]</Qualifier>
              <Qualifier name="Scale">1</Qualifier>
              <Qualifier name="Units">Pa</Qualifier>
            </ParameterValue>
          </PropertyData>
          <PropertyData property="pr7">
            <Data format="string">-</Data>
            <Qualifier name="Definition">Secant</Qualifier>
            <Qualifier name="Behavior">Isotropic</Qualifier>
            <Qualifier name="Field Variable Compatible">Temperature</Qualifier>
            <ParameterValue parameter="pa2" format="string">
              <Data>Interpolation Options</Data>
              <Qualifier name="AlgorithmType">Linear Multivariate (Qhull)</Qualifier>
              <Qualifier name="Normalized">True</Qualifier>
              <Qualifier name="Cached">True</Qualifier>
              <Qualifier name="ExtrapolationType">Projection to the Bounding Box</Qualifier>
            </ParameterValue>
            <ParameterValue parameter="pa13" format="float">
              <Data>2.3e-05</Data>
              <Qualifier name="Variable Type">Dependent</Qualifier>
              <Qualifier name="Offset">0 [C^-1]</Qualifier>
              <Qualifier name="Scale">1</Qualifier>
              <Qualifier name="Units">C^-1</Qualifier>
            </ParameterValue>
            <ParameterValue parameter="pa5" format="float">
              <Data>7.88860905221012e-31</Data>
              <Qualifier name="Variable Type">Independent</Qualifier>
              <Qualifier name="Offset">0 [C]</Qualifier>
              <Qualifier name="Scale">1</Qualifier>
              <Qualifier name="Units">C</Qualifier>
              <Qualifier name="Field Variable">Temperature</Qualifier>
              <Qualifier name="Default Data">22</Qualifier>
              <Qualifier name="Field Units">C</Qualifier>
              <Qualifier name="Upper Limit">Program Controlled</Qualifier>
              <Qualifier name="Lower Limit">Program Controlled</Qualifier>
            </ParameterValue>
          </PropertyData>
          <PropertyData property="pr9">
            <Data format="string">-</Data>
            <Qualifier name="Definition">Secant</Qualifier>
            <Qualifier name="Behavior">Isotropic</Qualifier>
            <ParameterValue parameter="pa14" format="float">
              <Data>22</Data>
              <Qualifier name="Variable Type">Dependent</Qualifier>
              <Qualifier name="Offset">0 [C]</Qualifier>
              <Qualifier name="Scale">1</Qualifier>
              <Qualifier name="Units">C</Qualifier>
            </ParameterValue>
            <ParameterValue parameter="pa8" format="string">
              <Data>Coefficient of Thermal Expansion</Data>
            </ParameterValue>
          </PropertyData>
          <PropertyData property="pr11">
            <Data format="string">-</Data>
            <Qualifier name="Definition">Constant Pressure</Qualifier>
            <Qualifier name="Field Variable Compatible">Temperature</Qualifier>
            <Qualifier name="Symbol">Cᵨ</Qualifier>
            <ParameterValue parameter="pa2" format="string">
              <Data>Interpolation Options</Data>
              <Qualifier name="AlgorithmType">Linear Multivariate (Qhull)</Qualifier>
              <Qualifier name="Normalized">True</Qualifier>
              <Qualifier name="Cached">True</Qualifier>
              <Qualifier name="ExtrapolationType">Projection to the Bounding Box</Qualifier>
            </ParameterValue>
            <ParameterValue parameter="pa17" format="float">
              <Data>875</Data>
              <Qualifier name="Variable Type">Dependent</Qualifier>
              <Qualifier name="Offset">0 [J kg^-1 C^-1]</Qualifier>
              <Qualifier name="Scale">1</Qualifier>
              <Qualifier name="Units">J kg^-1 C^-1</Qualifier>
            </ParameterValue>
            <ParameterValue parameter="pa5" format="float">
              <Data>7.88860905221012e-31</Data>
              <Qualifier name="Variable Type">Independent</Qualifier>
              <Qualifier name="Offset">0 [C]</Qualifier>
              <Qualifier name="Scale">1</Qualifier>
              <Qualifier name="Units">C</Qualifier>
              <Qualifier name="Field Variable">Temperature</Qualifier>
              <Qualifier name="Default Data">22</Qualifier>
              <Qualifier name="Field Units">C</Qualifier>
              <Qualifier name="Upper Limit">Program Controlled</Qualifier>
              <Qualifier name="Lower Limit">Program Controlled</Qualifier>
            </ParameterValue>
          </PropertyData>
          <PropertyData property="pr12">
            <Data format="string">-</Data>
            <Qualifier name="Behavior">Isotropic</Qualifier>
            <Qualifier name="Field Variable Compatible">Temperature</Qualifier>
            <ParameterValue parameter="pa2" format="string">
              <Data>Interpolation Options</Data>
              <Qualifier name="AlgorithmType">Linear Multivariate (Qhull)</Qualifier>
              <Qualifier name="Normalized">True</Qualifier>
              <Qualifier name="Cached">True</Qualifier>
              <Qualifier name="ExtrapolationType">Projection to the Bounding Box</Qualifier>
            </ParameterValue>
            <ParameterValue parameter="pa20" format="float">
              <Data>114,144,165,175</Data>
              <Qualifier name="Variable Type">Dependent,Dependent,Dependent,Dependent</Qualifier>
              <Qualifier name="Offset">0 [W m^-1 C^-1],0 [W m^-1 C^-1],0 [W m^-1 C^-1],0 [W m^-1 C^-1]</Qualifier>
              <Qualifier name="Scale">1,1,1,1</Qualifier>
              <Qualifier name="Units">W m^-1 C^-1,W m^-1 C^-1,W m^-1 C^-1,W m^-1 C^-1</Qualifier>
            </ParameterValue>
            <ParameterValue parameter="pa5" format="float">
              <Data>-100,0,100,200</Data>
              <Qualifier name="Variable Type">Independent,Independent,Independent,Independent</Qualifier>
              <Qualifier name="Offset">0 [C],0 [C],0 [C],0 [C]</Qualifier>
              <Qualifier name="Scale">1,1,1,1</Qualifier>
              <Qualifier name="Units">C,C,C,C</Qualifier>
              <Qualifier name="Field Variable">Temperature</Qualifier>
              <Qualifier name="Default Data">22</Qualifier>
              <Qualifier name="Field Units">C</Qualifier>
              <Qualifier name="Upper Limit">Program Controlled</Qualifier>
              <Qualifier name="Lower Limit">Program Controlled</Qualifier>
            </ParameterValue>
          </PropertyData>
          <PropertyData property="pr13">
            <Data format="string">-</Data>
            <Qualifier name="Interpolation">Semi-Log</Qualifier>
            <Qualifier name="Field Variable Compatible">Mean Stress</Qualifier>
            <ParameterValue parameter="pa21" format="float">
              <Data>275800000,241300000,206800000,172400000,137900000,117200000,89630000,82740000,170600000,139600000,108600000,87910000,77570000,72390000,144800000,120700000,103400000,93080000,86180000,72390000,74120000,70670000,66360000,62050000</Data>
              <Qualifier name="Variable Type">Dependent,Dependent,Dependent,Dependent,Dependent,Dependent,Dependent,Dependent,Dependent,Dependent,Dependent,Dependent,Dependent,Dependent,Dependent,Dependent,Dependent,Dependent,Dependent,Dependent,Dependent,Dependent,Dependent,Dependent</Qualifier>
              <Qualifier name="Offset">0 [Pa],0 [Pa],0 [Pa],0 [Pa],0 [Pa],0 [Pa],0 [Pa],0 [Pa],0 [Pa],0 [Pa],0 [Pa],0 [Pa],0 [Pa],0 [Pa],0 [Pa],0 [Pa],0 [Pa],0 [Pa],0 [Pa],0 [Pa],0 [Pa],0 [Pa],0 [Pa],0 [Pa]</Qualifier>
              <Qualifier name="Scale">1,1,1,1,1,1,1,1,1,1,1,1,1,1,1,1,1,1,1,1,1,1,1,1</Qualifier>
              <Qualifier name="Units">Pa,Pa,Pa,Pa,Pa,Pa,Pa,Pa,Pa,Pa,Pa,Pa,Pa,Pa,Pa,Pa,Pa,Pa,Pa,Pa,Pa,Pa,Pa,Pa</Qualifier>
            </ParameterValue>
            <ParameterValue parameter="pa22" format="float">
              <Data>1700,5000,34000,140000,800000,2400000,55000000,100000000,50000,350000,3700000,14000000,50000000,100000000,50000,190000,1300000,4400000,12000000,100000000,300000,1500000,12000000,100000000</Data>
              <Qualifier name="Variable Type">Independent,Independent,Independent,Independent,Independent,Independent,Independent,Independent,Independent,Independent,Independent,Independent,Independent,Independent,Independent,Independent,Independent,Independent,Independent,Independent,Independent,Independent,Independent,Independent</Qualifier>
              <Qualifier name="Offset">0,0,0,0,0,0,0,0,0,0,0,0,0,0,0,0,0,0,0,0,0,0,0,0</Qualifier>
              <Qualifier name="Scale">1,1,1,1,1,1,1,1,1,1,1,1,1,1,1,1,1,1,1,1,1,1,1,1</Qualifier>
              <Qualifier name="Units">,,,,,,,,,,,,,,,,,,,,,,,</Qualifier>
            </ParameterValue>
            <ParameterValue parameter="pa31" format="float">
              <Data>-1,-1,-1,-1,-1,-1,-1,-1,-0.5,-0.5,-0.5,-0.5,-0.5,-0.5,0,0,0,0,0,0,0.5,0.5,0.5,0.5</Data>
              <Qualifier name="Variable Type">Independent,Independent,Independent,Independent,Independent,Independent,Independent,Independent,Independent,Independent,Independent,Independent,Independent,Independent,Independent,Independent,Independent,Independent,Independent,Independent,Independent,Independent,Independent,Independent</Qualifier>
              <Qualifier name="Offset">0,0,0,0,0,0,0,0,0,0,0,0,0,0,0,0,0,0,0,0,0,0,0,0</Qualifier>
              <Qualifier name="Scale">1,1,1,1,1,1,1,1,1,1,1,1,1,1,1,1,1,1,1,1,1,1,1,1</Qualifier>
              <Qualifier name="Units">,,,,,,,,,,,,,,,,,,,,,,,</Qualifier>
              <Qualifier name="Field Variable">R-Ratio</Qualifier>
              <Qualifier name="Default Data">-1</Qualifier>
              <Qualifier name="Field Units">
              </Qualifier>
              <Qualifier name="Upper Limit">Program Controlled</Qualifier>
              <Qualifier name="Lower Limit">Program Controlled</Qualifier>
            </ParameterValue>
          </PropertyData>
          <PropertyData property="pr15">
            <Data format="string">-</Data>
            <Qualifier name="Behavior">Isotropic</Qualifier>
            <ParameterValue parameter="pa30" format="float">
              <Data>2.43e-08,2.67e-08,3.63e-08</Data>
              <Qualifier name="Variable Type">Dependent,Dependent,Dependent</Qualifier>
              <Qualifier name="Offset">0 [ohm m],0 [ohm m],0 [ohm m]</Qualifier>
              <Qualifier name="Scale">1,1,1</Qualifier>
              <Qualifier name="Units">ohm m,ohm m,ohm m</Qualifier>
            </ParameterValue>
            <ParameterValue parameter="pa5" format="float">
              <Data>0,20,100</Data>
              <Qualifier name="Variable Type">Independent,Independent,Independent</Qualifier>
              <Qualifier name="Offset">0 [C],0 [C],0 [C]</Qualifier>
              <Qualifier name="Scale">1,1,1</Qualifier>
              <Qualifier name="Units">C,C,C</Qualifier>
            </ParameterValue>
          </PropertyData>
          <PropertyData property="pr10">
            <Data format="string">-</Data>
            <Qualifier name="Behavior">Isotropic</Qualifier>
            <Qualifier name="Derive from">Young's Modulus and Poisson's Ratio</Qualifier>
            <Qualifier name="Field Variable Compatible">Temperature</Qualifier>
            <ParameterValue parameter="pa2" format="string">
              <Data>Interpolation Options</Data>
              <Qualifier name="AlgorithmType">Linear Multivariate (Qhull)</Qualifier>
              <Qualifier name="Normalized">True</Qualifier>
              <Qualifier name="Cached">True</Qualifier>
              <Qualifier name="ExtrapolationType">Projection to the Bounding Box</Qualifier>
            </ParameterValue>
            <ParameterValue parameter="pa15" format="float">
              <Data>71000000000</Data>
              <Qualifier name="Variable Type">Dependent</Qualifier>
              <Qualifier name="Offset">0 [Pa]</Qualifier>
              <Qualifier name="Scale">1</Qualifier>
              <Qualifier name="Units">Pa</Qualifier>
            </ParameterValue>
            <ParameterValue parameter="pa16" format="float">
              <Data>0.33</Data>
              <Qualifier name="Variable Type">Dependent</Qualifier>
              <Qualifier name="Offset">0</Qualifier>
              <Qualifier name="Scale">1</Qualifier>
              <Qualifier name="Units">
              </Qualifier>
            </ParameterValue>
            <ParameterValue parameter="pa18" format="float">
              <Data>69607843137.2549</Data>
              <Qualifier name="Variable Type">Dependent</Qualifier>
              <Qualifier name="Offset">0 [Pa]</Qualifier>
              <Qualifier name="Scale">1</Qualifier>
              <Qualifier name="Units">Pa</Qualifier>
            </ParameterValue>
            <ParameterValue parameter="pa19" format="float">
              <Data>26691729323.3083</Data>
              <Qualifier name="Variable Type">Dependent</Qualifier>
              <Qualifier name="Offset">0 [Pa]</Qualifier>
              <Qualifier name="Scale">1</Qualifier>
              <Qualifier name="Units">Pa</Qualifier>
            </ParameterValue>
            <ParameterValue parameter="pa5" format="float">
              <Data>7.88860905221012e-31</Data>
              <Qualifier name="Variable Type">Independent</Qualifier>
              <Qualifier name="Offset">0 [C]</Qualifier>
              <Qualifier name="Scale">1</Qualifier>
              <Qualifier name="Units">C</Qualifier>
              <Qualifier name="Field Variable">Temperature</Qualifier>
              <Qualifier name="Default Data">22</Qualifier>
              <Qualifier name="Field Units">C</Qualifier>
              <Qualifier name="Upper Limit">Program Controlled</Qualifier>
              <Qualifier name="Lower Limit">Program Controlled</Qualifier>
            </ParameterValue>
          </PropertyData>
          <PropertyData property="pr16">
            <Data format="string">-</Data>
            <Qualifier name="Behavior">Isotropic</Qualifier>
            <ParameterValue parameter="pa32" format="float">
              <Data>1</Data>
              <Qualifier name="Variable Type">Dependent</Qualifier>
              <Qualifier name="Offset">0</Qualifier>
              <Qualifier name="Scale">1</Qualifier>
              <Qualifier name="Units">
              </Qualifier>
            </ParameterValue>
          </PropertyData>
        </BulkDetails>
      </Material>
      <Material>
        <BulkDetails>
          <Name>纯铜，C10100，硬质</Name>
          <Description>Copper, C10100, hard (oxygen-free electronic h.c. copper), wrought (hc-Cu-OFE (h); C101)
&lt;br&gt;&lt;br&gt;Data compiled by &lt;exta href="https://www.ansys.com/products/materials"&gt;Ansys Granta&lt;/exta&gt;, incorporating various sources including JAHM and MagWeb.
&lt;br&gt;ANSYS, Inc. provides no warranty for this data.</Description>
          <Class>
            <Name>Metals - non-ferrous</Name>
          </Class>
          <Subclass>
            <Name>Copper alloys</Name>
          </Subclass>
          <PropertyData property="pr3">
            <Data format="string">-</Data>
            <ParameterValue parameter="pa4" format="float">
              <Data>153</Data>
              <Qualifier name="Variable Type">Dependent</Qualifier>
              <Qualifier name="Offset">0</Qualifier>
              <Qualifier name="Scale">1</Qualifier>
              <Qualifier name="Units">
              </Qualifier>
            </ParameterValue>
            <ParameterValue parameter="pa6" format="float">
              <Data>51</Data>
              <Qualifier name="Variable Type">Dependent</Qualifier>
              <Qualifier name="Offset">0</Qualifier>
              <Qualifier name="Scale">1</Qualifier>
              <Qualifier name="Units">
              </Qualifier>
            </ParameterValue>
            <ParameterValue parameter="pa7" format="float">
              <Data>0</Data>
              <Qualifier name="Variable Type">Dependent</Qualifier>
              <Qualifier name="Offset">0</Qualifier>
              <Qualifier name="Scale">1</Qualifier>
              <Qualifier name="Units">
              </Qualifier>
            </ParameterValue>
            <ParameterValue parameter="pa8" format="string">
              <Data>Appearance</Data>
            </ParameterValue>
          </PropertyData>
          <PropertyData property="pr6">
            <Data format="string">-</Data>
            <ParameterValue parameter="pa11" format="float">
              <Data>1</Data>
              <Qualifier name="Variable Type">Dependent</Qualifier>
              <Qualifier name="Offset">0</Qualifier>
              <Qualifier name="Scale">1</Qualifier>
              <Qualifier name="Units">
              </Qualifier>
            </ParameterValue>
            <ParameterValue parameter="pa8" format="string">
              <Data>Appearance</Data>
            </ParameterValue>
          </PropertyData>
          <PropertyData property="pr8">
            <Data format="string">-</Data>
            <ParameterValue parameter="pa12" format="float">
              <Data>1</Data>
              <Qualifier name="Variable Type">Dependent</Qualifier>
              <Qualifier name="Offset">0</Qualifier>
              <Qualifier name="Scale">1</Qualifier>
              <Qualifier name="Units">
              </Qualifier>
            </ParameterValue>
            <ParameterValue parameter="pa8" format="string">
              <Data>Appearance</Data>
            </ParameterValue>
          </PropertyData>
          <PropertyData property="pr2">
            <Data format="string">-</Data>
            <Qualifier name="Field Variable Compatible">Temperature</Qualifier>
            <ParameterValue parameter="pa2" format="string">
              <Data>Interpolation Options</Data>
              <Qualifier name="AlgorithmType">Linear Multivariate (Qhull)</Qualifier>
              <Qualifier name="Normalized">True</Qualifier>
              <Qualifier name="Cached">True</Qualifier>
              <Qualifier name="ExtrapolationType">Projection to the Bounding Box</Qualifier>
            </ParameterValue>
            <ParameterValue parameter="pa3" format="float">
              <Data>8942</Data>
              <Qualifier name="Variable Type">Dependent</Qualifier>
              <Qualifier name="Offset">0 [kg m^-3]</Qualifier>
              <Qualifier name="Scale">1</Qualifier>
              <Qualifier name="Units">kg m^-3</Qualifier>
            </ParameterValue>
            <ParameterValue parameter="pa5" format="float">
              <Data>23</Data>
              <Qualifier name="Variable Type">Independent</Qualifier>
              <Qualifier name="Offset">0 [C]</Qualifier>
              <Qualifier name="Scale">1</Qualifier>
              <Qualifier name="Units">C</Qualifier>
              <Qualifier name="Field Variable">Temperature</Qualifier>
              <Qualifier name="Default Data">23</Qualifier>
              <Qualifier name="Field Units">C</Qualifier>
              <Qualifier name="Upper Limit">Program Controlled</Qualifier>
              <Qualifier name="Lower Limit">Program Controlled</Qualifier>
            </ParameterValue>
          </PropertyData>
          <PropertyData property="pr10">
            <Data format="string">-</Data>
            <Qualifier name="Behavior">Isotropic</Qualifier>
            <Qualifier name="Derive from">Young's Modulus and Poisson's Ratio</Qualifier>
            <Qualifier name="Field Variable Compatible">Temperature</Qualifier>
            <ParameterValue parameter="pa2" format="string">
              <Data>Interpolation Options</Data>
              <Qualifier name="AlgorithmType">Linear Multivariate (Qhull)</Qualifier>
              <Qualifier name="Normalized">True</Qualifier>
              <Qualifier name="Cached">True</Qualifier>
              <Qualifier name="ExtrapolationType">Projection to the Bounding Box</Qualifier>
            </ParameterValue>
            <ParameterValue parameter="pa15" format="float">
              <Data>126000000000</Data>
              <Qualifier name="Variable Type">Dependent</Qualifier>
              <Qualifier name="Offset">0 [Pa]</Qualifier>
              <Qualifier name="Scale">1</Qualifier>
              <Qualifier name="Units">Pa</Qualifier>
            </ParameterValue>
            <ParameterValue parameter="pa16" format="float">
              <Data>0.345</Data>
              <Qualifier name="Variable Type">Dependent</Qualifier>
              <Qualifier name="Offset">0</Qualifier>
              <Qualifier name="Scale">1</Qualifier>
              <Qualifier name="Units">
              </Qualifier>
            </ParameterValue>
            <ParameterValue parameter="pa18" format="float">
              <Data>135483870967.742</Data>
              <Qualifier name="Variable Type">Dependent</Qualifier>
              <Qualifier name="Offset">0 [Pa]</Qualifier>
              <Qualifier name="Scale">1</Qualifier>
              <Qualifier name="Units">Pa</Qualifier>
            </ParameterValue>
            <ParameterValue parameter="pa19" format="float">
              <Data>46840148698.8848</Data>
              <Qualifier name="Variable Type">Dependent</Qualifier>
              <Qualifier name="Offset">0 [Pa]</Qualifier>
              <Qualifier name="Scale">1</Qualifier>
              <Qualifier name="Units">Pa</Qualifier>
            </ParameterValue>
            <ParameterValue parameter="pa5" format="float">
              <Data>23</Data>
              <Qualifier name="Variable Type">Independent</Qualifier>
              <Qualifier name="Offset">0 [C]</Qualifier>
              <Qualifier name="Scale">1</Qualifier>
              <Qualifier name="Units">C</Qualifier>
              <Qualifier name="Field Variable">Temperature</Qualifier>
              <Qualifier name="Default Data">23</Qualifier>
              <Qualifier name="Field Units">C</Qualifier>
              <Qualifier name="Upper Limit">Program Controlled</Qualifier>
              <Qualifier name="Lower Limit">Program Controlled</Qualifier>
            </ParameterValue>
          </PropertyData>
          <PropertyData property="pr4">
            <Data format="string">-</Data>
            <ParameterValue parameter="pa9" format="float">
              <Data>250800000</Data>
              <Qualifier name="Variable Type">Dependent</Qualifier>
              <Qualifier name="Offset">0 [Pa]</Qualifier>
              <Qualifier name="Scale">1</Qualifier>
              <Qualifier name="Units">Pa</Qualifier>
            </ParameterValue>
            <ParameterValue parameter="pa5" format="float">
              <Data>23</Data>
              <Qualifier name="Variable Type">Independent</Qualifier>
              <Qualifier name="Offset">0 [C]</Qualifier>
              <Qualifier name="Scale">1</Qualifier>
              <Qualifier name="Units">C</Qualifier>
            </ParameterValue>
          </PropertyData>
          <PropertyData property="pr5">
            <Data format="string">-</Data>
            <ParameterValue parameter="pa10" format="float">
              <Data>343200000</Data>
              <Qualifier name="Variable Type">Dependent</Qualifier>
              <Qualifier name="Offset">0 [Pa]</Qualifier>
              <Qualifier name="Scale">1</Qualifier>
              <Qualifier name="Units">Pa</Qualifier>
            </ParameterValue>
            <ParameterValue parameter="pa5" format="float">
              <Data>23</Data>
              <Qualifier name="Variable Type">Independent</Qualifier>
              <Qualifier name="Offset">0 [C]</Qualifier>
              <Qualifier name="Scale">1</Qualifier>
              <Qualifier name="Units">C</Qualifier>
            </ParameterValue>
          </PropertyData>
          <PropertyData property="pr7">
            <Data format="string">-</Data>
            <Qualifier name="Definition">Secant</Qualifier>
            <Qualifier name="Behavior">Isotropic</Qualifier>
            <Qualifier name="Field Variable Compatible">Temperature</Qualifier>
            <ParameterValue parameter="pa2" format="string">
              <Data>Interpolation Options</Data>
              <Qualifier name="AlgorithmType">Linear Multivariate (Qhull)</Qualifier>
              <Qualifier name="Normalized">True</Qualifier>
              <Qualifier name="Cached">True</Qualifier>
              <Qualifier name="ExtrapolationType">Projection to the Bounding Box</Qualifier>
            </ParameterValue>
            <ParameterValue parameter="pa13" format="float">
              <Data>1.674e-05</Data>
              <Qualifier name="Variable Type">Dependent</Qualifier>
              <Qualifier name="Offset">0 [C^-1]</Qualifier>
              <Qualifier name="Scale">1</Qualifier>
              <Qualifier name="Units">C^-1</Qualifier>
            </ParameterValue>
            <ParameterValue parameter="pa5" format="float">
              <Data>23</Data>
              <Qualifier name="Variable Type">Independent</Qualifier>
              <Qualifier name="Offset">0 [C]</Qualifier>
              <Qualifier name="Scale">1</Qualifier>
              <Qualifier name="Units">C</Qualifier>
              <Qualifier name="Field Variable">Temperature</Qualifier>
              <Qualifier name="Default Data">23</Qualifier>
              <Qualifier name="Field Units">C</Qualifier>
              <Qualifier name="Upper Limit">Program Controlled</Qualifier>
              <Qualifier name="Lower Limit">Program Controlled</Qualifier>
            </ParameterValue>
          </PropertyData>
          <PropertyData property="pr9">
            <Data format="string">-</Data>
            <Qualifier name="Definition">Secant</Qualifier>
            <Qualifier name="Behavior">Isotropic</Qualifier>
            <ParameterValue parameter="pa14" format="float">
              <Data>20</Data>
              <Qualifier name="Variable Type">Dependent</Qualifier>
              <Qualifier name="Offset">0 [C]</Qualifier>
              <Qualifier name="Scale">1</Qualifier>
              <Qualifier name="Units">C</Qualifier>
            </ParameterValue>
            <ParameterValue parameter="pa8" format="string">
              <Data>Coefficient of Thermal Expansion</Data>
            </ParameterValue>
          </PropertyData>
          <PropertyData property="pr12">
            <Data format="string">-</Data>
            <Qualifier name="Behavior">Isotropic</Qualifier>
            <Qualifier name="Field Variable Compatible">Temperature</Qualifier>
            <ParameterValue parameter="pa2" format="string">
              <Data>Interpolation Options</Data>
              <Qualifier name="AlgorithmType">Linear Multivariate (Qhull)</Qualifier>
              <Qualifier name="Normalized">True</Qualifier>
              <Qualifier name="Cached">True</Qualifier>
              <Qualifier name="ExtrapolationType">Projection to the Bounding Box</Qualifier>
            </ParameterValue>
            <ParameterValue parameter="pa20" format="float">
              <Data>396.7</Data>
              <Qualifier name="Variable Type">Dependent</Qualifier>
              <Qualifier name="Offset">0 [W m^-1 C^-1]</Qualifier>
              <Qualifier name="Scale">1</Qualifier>
              <Qualifier name="Units">W m^-1 C^-1</Qualifier>
            </ParameterValue>
            <ParameterValue parameter="pa5" format="float">
              <Data>23</Data>
              <Qualifier name="Variable Type">Independent</Qualifier>
              <Qualifier name="Offset">0 [C]</Qualifier>
              <Qualifier name="Scale">1</Qualifier>
              <Qualifier name="Units">C</Qualifier>
              <Qualifier name="Field Variable">Temperature</Qualifier>
              <Qualifier name="Default Data">23</Qualifier>
              <Qualifier name="Field Units">C</Qualifier>
              <Qualifier name="Upper Limit">Program Controlled</Qualifier>
              <Qualifier name="Lower Limit">Program Controlled</Qualifier>
            </ParameterValue>
          </PropertyData>
          <PropertyData property="pr11">
            <Data format="string">-</Data>
            <Qualifier name="Definition">Constant Pressure</Qualifier>
            <Qualifier name="Field Variable Compatible">Temperature</Qualifier>
            <Qualifier name="Symbol">Cᵨ</Qualifier>
            <ParameterValue parameter="pa2" format="string">
              <Data>Interpolation Options</Data>
              <Qualifier name="AlgorithmType">Linear Multivariate (Qhull)</Qualifier>
              <Qualifier name="Normalized">True</Qualifier>
              <Qualifier name="Cached">True</Qualifier>
              <Qualifier name="ExtrapolationType">Projection to the Bounding Box</Qualifier>
            </ParameterValue>
            <ParameterValue parameter="pa17" format="float">
              <Data>383.3</Data>
              <Qualifier name="Variable Type">Dependent</Qualifier>
              <Qualifier name="Offset">0 [J kg^-1 C^-1]</Qualifier>
              <Qualifier name="Scale">1</Qualifier>
              <Qualifier name="Units">J kg^-1 C^-1</Qualifier>
            </ParameterValue>
            <ParameterValue parameter="pa5" format="float">
              <Data>23</Data>
              <Qualifier name="Variable Type">Independent</Qualifier>
              <Qualifier name="Offset">0 [C]</Qualifier>
              <Qualifier name="Scale">1</Qualifier>
              <Qualifier name="Units">C</Qualifier>
              <Qualifier name="Field Variable">Temperature</Qualifier>
              <Qualifier name="Default Data">23</Qualifier>
              <Qualifier name="Field Units">C</Qualifier>
              <Qualifier name="Upper Limit">Program Controlled</Qualifier>
              <Qualifier name="Lower Limit">Program Controlled</Qualifier>
            </ParameterValue>
          </PropertyData>
          <PropertyData property="pr15">
            <Data format="string">-</Data>
            <Qualifier name="Behavior">Isotropic</Qualifier>
            <ParameterValue parameter="pa30" format="float">
              <Data>1.74e-08</Data>
              <Qualifier name="Variable Type">Dependent</Qualifier>
              <Qualifier name="Offset">0 [ohm m]</Qualifier>
              <Qualifier name="Scale">1</Qualifier>
              <Qualifier name="Units">ohm m</Qualifier>
            </ParameterValue>
            <ParameterValue parameter="pa5" format="float">
              <Data>23</Data>
              <Qualifier name="Variable Type">Independent</Qualifier>
              <Qualifier name="Offset">0 [C]</Qualifier>
              <Qualifier name="Scale">1</Qualifier>
              <Qualifier name="Units">C</Qualifier>
            </ParameterValue>
          </PropertyData>
          <PropertyData property="pr17">
            <Data format="string">-</Data>
            <ParameterValue parameter="pa33" format="float">
              <Data>54880000</Data>
              <Qualifier name="Variable Type">Dependent</Qualifier>
              <Qualifier name="Offset">0 [J/kg]</Qualifier>
              <Qualifier name="Scale">1</Qualifier>
              <Qualifier name="Units">J/kg</Qualifier>
            </ParameterValue>
          </PropertyData>
          <PropertyData property="pr18">
            <Data format="string">-</Data>
            <ParameterValue parameter="pa34" format="float">
              <Data>3.715</Data>
              <Qualifier name="Variable Type">Dependent</Qualifier>
              <Qualifier name="Offset">0 [kg/kg]</Qualifier>
              <Qualifier name="Scale">1</Qualifier>
              <Qualifier name="Units">kg/kg</Qualifier>
            </ParameterValue>
          </PropertyData>
          <PropertyData property="pr19">
            <Data format="string">-</Data>
            <ParameterValue parameter="pa35" format="float">
              <Data>1</Data>
              <Qualifier name="Variable Type">Dependent</Qualifier>
              <Qualifier name="Offset">0</Qualifier>
              <Qualifier name="Scale">1</Qualifier>
              <Qualifier name="Units">
              </Qualifier>
            </ParameterValue>
          </PropertyData>
          <PropertyData property="pr20">
            <Data format="string">-</Data>
            <Qualifier name="MaterialElectromagneticProperties">False</Qualifier>
            <Qualifier name="Display">False</Qualifier>
          </PropertyData>
          <PropertyData property="pr21">
            <Data format="string">-</Data>
            <Qualifier name="guid">731216fa-396d-43f3-bb8e-4015ca70f80a</Qualifier>
            <Qualifier name="Display">False</Qualifier>
          </PropertyData>
          <PropertyData property="pr22">
            <Data format="string">-</Data>
            <Qualifier name="Data version">3</Qualifier>
            <Qualifier name="Data link version">1</Qualifier>
            <Qualifier name="Database key">Main</Qualifier>
            <Qualifier name="History guid">731216fa-396d-43f3-bb8e-4015ca70f80a</Qualifier>
            <Qualifier name="Version guid">731216fa-396d-43f3-bb8e-4015ca70f80a</Qualifier>
            <Qualifier name="Model guid">4E957B12-2E45-44E6-9185-4C722C2A9A78</Qualifier>
            <Qualifier name="Model version">0</Qualifier>
            <Qualifier name="Granta data">True</Qualifier>
            <Qualifier name="Display">False</Qualifier>
          </PropertyData>
          <PropertyData property="pr23">
            <Data format="string">-</Data>
            <Qualifier name="Stateless Name">Copper</Qualifier>
            <Qualifier name="State">Solid</Qualifier>
            <Qualifier name="Is Default State">true</Qualifier>
            <Qualifier name="Display">False</Qualifier>
          </PropertyData>
        </BulkDetails>
      </Material>
      <Material>
        <BulkDetails>
          <Name>铝合金，锻造，6061，T6</Name>
          <Description>Aluminum, 6061, T6, wrought
&lt;br&gt;&lt;br&gt;Data compiled by &lt;exta href="https://www.ansys.com/products/materials"&gt;Ansys Granta&lt;/exta&gt;, incorporating various sources including JAHM and MagWeb.
&lt;br&gt;ANSYS, Inc. provides no warranty for this data.</Description>
          <Class>
            <Name>Metals - non-ferrous</Name>
          </Class>
          <Subclass>
            <Name>Aluminum alloys</Name>
          </Subclass>
          <PropertyData property="pr3">
            <Data format="string">-</Data>
            <ParameterValue parameter="pa4" format="float">
              <Data>234</Data>
              <Qualifier name="Variable Type">Dependent</Qualifier>
              <Qualifier name="Offset">0</Qualifier>
              <Qualifier name="Scale">1</Qualifier>
              <Qualifier name="Units">
              </Qualifier>
            </ParameterValue>
            <ParameterValue parameter="pa6" format="float">
              <Data>234</Data>
              <Qualifier name="Variable Type">Dependent</Qualifier>
              <Qualifier name="Offset">0</Qualifier>
              <Qualifier name="Scale">1</Qualifier>
              <Qualifier name="Units">
              </Qualifier>
            </ParameterValue>
            <ParameterValue parameter="pa7" format="float">
              <Data>234</Data>
              <Qualifier name="Variable Type">Dependent</Qualifier>
              <Qualifier name="Offset">0</Qualifier>
              <Qualifier name="Scale">1</Qualifier>
              <Qualifier name="Units">
              </Qualifier>
            </ParameterValue>
            <ParameterValue parameter="pa8" format="string">
              <Data>Appearance</Data>
            </ParameterValue>
          </PropertyData>
          <PropertyData property="pr6">
            <Data format="string">-</Data>
            <ParameterValue parameter="pa11" format="float">
              <Data>1</Data>
              <Qualifier name="Variable Type">Dependent</Qualifier>
              <Qualifier name="Offset">0</Qualifier>
              <Qualifier name="Scale">1</Qualifier>
              <Qualifier name="Units">
              </Qualifier>
            </ParameterValue>
            <ParameterValue parameter="pa8" format="string">
              <Data>Appearance</Data>
            </ParameterValue>
          </PropertyData>
          <PropertyData property="pr8">
            <Data format="string">-</Data>
            <ParameterValue parameter="pa12" format="float">
              <Data>1</Data>
              <Qualifier name="Variable Type">Dependent</Qualifier>
              <Qualifier name="Offset">0</Qualifier>
              <Qualifier name="Scale">1</Qualifier>
              <Qualifier name="Units">
              </Qualifier>
            </ParameterValue>
            <ParameterValue parameter="pa8" format="string">
              <Data>Appearance</Data>
            </ParameterValue>
          </PropertyData>
          <PropertyData property="pr2">
            <Data format="string">-</Data>
            <Qualifier name="Field Variable Compatible">Temperature</Qualifier>
            <ParameterValue parameter="pa2" format="string">
              <Data>Interpolation Options</Data>
              <Qualifier name="AlgorithmType">Linear Multivariate (Qhull)</Qualifier>
              <Qualifier name="Normalized">True</Qualifier>
              <Qualifier name="Cached">True</Qualifier>
              <Qualifier name="ExtrapolationType">Projection to the Bounding Box</Qualifier>
            </ParameterValue>
            <ParameterValue parameter="pa3" format="float">
              <Data>2713</Data>
              <Qualifier name="Variable Type">Dependent</Qualifier>
              <Qualifier name="Offset">0 [kg m^-3]</Qualifier>
              <Qualifier name="Scale">1</Qualifier>
              <Qualifier name="Units">kg m^-3</Qualifier>
            </ParameterValue>
            <ParameterValue parameter="pa5" format="float">
              <Data>23</Data>
              <Qualifier name="Variable Type">Independent</Qualifier>
              <Qualifier name="Offset">0 [C]</Qualifier>
              <Qualifier name="Scale">1</Qualifier>
              <Qualifier name="Units">C</Qualifier>
              <Qualifier name="Field Variable">Temperature</Qualifier>
              <Qualifier name="Default Data">23</Qualifier>
              <Qualifier name="Field Units">C</Qualifier>
              <Qualifier name="Upper Limit">Program Controlled</Qualifier>
              <Qualifier name="Lower Limit">Program Controlled</Qualifier>
            </ParameterValue>
          </PropertyData>
          <PropertyData property="pr10">
            <Data format="string">-</Data>
            <Qualifier name="Behavior">Isotropic</Qualifier>
            <Qualifier name="Derive from">Young's Modulus and Poisson's Ratio</Qualifier>
            <Qualifier name="Field Variable Compatible">Temperature</Qualifier>
            <ParameterValue parameter="pa2" format="string">
              <Data>Interpolation Options</Data>
              <Qualifier name="AlgorithmType">Linear Multivariate (Qhull)</Qualifier>
              <Qualifier name="Normalized">True</Qualifier>
              <Qualifier name="Cached">True</Qualifier>
              <Qualifier name="ExtrapolationType">Projection to the Bounding Box</Qualifier>
            </ParameterValue>
            <ParameterValue parameter="pa15" format="float">
              <Data>69040000000</Data>
              <Qualifier name="Variable Type">Dependent</Qualifier>
              <Qualifier name="Offset">0 [Pa]</Qualifier>
              <Qualifier name="Scale">1</Qualifier>
              <Qualifier name="Units">Pa</Qualifier>
            </ParameterValue>
            <ParameterValue parameter="pa16" format="float">
              <Data>0.33</Data>
              <Qualifier name="Variable Type">Dependent</Qualifier>
              <Qualifier name="Offset">0</Qualifier>
              <Qualifier name="Scale">1</Qualifier>
              <Qualifier name="Units">
              </Qualifier>
            </ParameterValue>
            <ParameterValue parameter="pa18" format="float">
              <Data>67686274509.8039</Data>
              <Qualifier name="Variable Type">Dependent</Qualifier>
              <Qualifier name="Offset">0 [Pa]</Qualifier>
              <Qualifier name="Scale">1</Qualifier>
              <Qualifier name="Units">Pa</Qualifier>
            </ParameterValue>
            <ParameterValue parameter="pa19" format="float">
              <Data>25954887218.0451</Data>
              <Qualifier name="Variable Type">Dependent</Qualifier>
              <Qualifier name="Offset">0 [Pa]</Qualifier>
              <Qualifier name="Scale">1</Qualifier>
              <Qualifier name="Units">Pa</Qualifier>
            </ParameterValue>
            <ParameterValue parameter="pa5" format="float">
              <Data>23</Data>
              <Qualifier name="Variable Type">Independent</Qualifier>
              <Qualifier name="Offset">0 [C]</Qualifier>
              <Qualifier name="Scale">1</Qualifier>
              <Qualifier name="Units">C</Qualifier>
              <Qualifier name="Field Variable">Temperature</Qualifier>
              <Qualifier name="Default Data">23</Qualifier>
              <Qualifier name="Field Units">C</Qualifier>
              <Qualifier name="Upper Limit">Program Controlled</Qualifier>
              <Qualifier name="Lower Limit">Program Controlled</Qualifier>
            </ParameterValue>
          </PropertyData>
          <PropertyData property="pr4">
            <Data format="string">-</Data>
            <ParameterValue parameter="pa9" format="float">
              <Data>259200000</Data>
              <Qualifier name="Variable Type">Dependent</Qualifier>
              <Qualifier name="Offset">0 [Pa]</Qualifier>
              <Qualifier name="Scale">1</Qualifier>
              <Qualifier name="Units">Pa</Qualifier>
            </ParameterValue>
            <ParameterValue parameter="pa5" format="float">
              <Data>23</Data>
              <Qualifier name="Variable Type">Independent</Qualifier>
              <Qualifier name="Offset">0 [C]</Qualifier>
              <Qualifier name="Scale">1</Qualifier>
              <Qualifier name="Units">C</Qualifier>
            </ParameterValue>
          </PropertyData>
          <PropertyData property="pr5">
            <Data format="string">-</Data>
            <ParameterValue parameter="pa10" format="float">
              <Data>313100000</Data>
              <Qualifier name="Variable Type">Dependent</Qualifier>
              <Qualifier name="Offset">0 [Pa]</Qualifier>
              <Qualifier name="Scale">1</Qualifier>
              <Qualifier name="Units">Pa</Qualifier>
            </ParameterValue>
            <ParameterValue parameter="pa5" format="float">
              <Data>23</Data>
              <Qualifier name="Variable Type">Independent</Qualifier>
              <Qualifier name="Offset">0 [C]</Qualifier>
              <Qualifier name="Scale">1</Qualifier>
              <Qualifier name="Units">C</Qualifier>
            </ParameterValue>
          </PropertyData>
          <PropertyData property="pr7">
            <Data format="string">-</Data>
            <Qualifier name="Definition">Secant</Qualifier>
            <Qualifier name="Behavior">Isotropic</Qualifier>
            <Qualifier name="Field Variable Compatible">Temperature</Qualifier>
            <ParameterValue parameter="pa2" format="string">
              <Data>Interpolation Options</Data>
              <Qualifier name="AlgorithmType">Linear Multivariate (Qhull)</Qualifier>
              <Qualifier name="Normalized">True</Qualifier>
              <Qualifier name="Cached">True</Qualifier>
              <Qualifier name="ExtrapolationType">Projection to the Bounding Box</Qualifier>
            </ParameterValue>
            <ParameterValue parameter="pa13" format="float">
              <Data>2.278e-05</Data>
              <Qualifier name="Variable Type">Dependent</Qualifier>
              <Qualifier name="Offset">0 [C^-1]</Qualifier>
              <Qualifier name="Scale">1</Qualifier>
              <Qualifier name="Units">C^-1</Qualifier>
            </ParameterValue>
            <ParameterValue parameter="pa5" format="float">
              <Data>23</Data>
              <Qualifier name="Variable Type">Independent</Qualifier>
              <Qualifier name="Offset">0 [C]</Qualifier>
              <Qualifier name="Scale">1</Qualifier>
              <Qualifier name="Units">C</Qualifier>
              <Qualifier name="Field Variable">Temperature</Qualifier>
              <Qualifier name="Default Data">23</Qualifier>
              <Qualifier name="Field Units">C</Qualifier>
              <Qualifier name="Upper Limit">Program Controlled</Qualifier>
              <Qualifier name="Lower Limit">Program Controlled</Qualifier>
            </ParameterValue>
          </PropertyData>
          <PropertyData property="pr9">
            <Data format="string">-</Data>
            <Qualifier name="Definition">Secant</Qualifier>
            <Qualifier name="Behavior">Isotropic</Qualifier>
            <ParameterValue parameter="pa14" format="float">
              <Data>20</Data>
              <Qualifier name="Variable Type">Dependent</Qualifier>
              <Qualifier name="Offset">0 [C]</Qualifier>
              <Qualifier name="Scale">1</Qualifier>
              <Qualifier name="Units">C</Qualifier>
            </ParameterValue>
            <ParameterValue parameter="pa8" format="string">
              <Data>Coefficient of Thermal Expansion</Data>
            </ParameterValue>
          </PropertyData>
          <PropertyData property="pr12">
            <Data format="string">-</Data>
            <Qualifier name="Behavior">Isotropic</Qualifier>
            <Qualifier name="Field Variable Compatible">Temperature</Qualifier>
            <ParameterValue parameter="pa2" format="string">
              <Data>Interpolation Options</Data>
              <Qualifier name="AlgorithmType">Linear Multivariate (Qhull)</Qualifier>
              <Qualifier name="Normalized">True</Qualifier>
              <Qualifier name="Cached">True</Qualifier>
              <Qualifier name="ExtrapolationType">Projection to the Bounding Box</Qualifier>
            </ParameterValue>
            <ParameterValue parameter="pa20" format="float">
              <Data>155.3</Data>
              <Qualifier name="Variable Type">Dependent</Qualifier>
              <Qualifier name="Offset">0 [W m^-1 C^-1]</Qualifier>
              <Qualifier name="Scale">1</Qualifier>
              <Qualifier name="Units">W m^-1 C^-1</Qualifier>
            </ParameterValue>
            <ParameterValue parameter="pa5" format="float">
              <Data>23</Data>
              <Qualifier name="Variable Type">Independent</Qualifier>
              <Qualifier name="Offset">0 [C]</Qualifier>
              <Qualifier name="Scale">1</Qualifier>
              <Qualifier name="Units">C</Qualifier>
              <Qualifier name="Field Variable">Temperature</Qualifier>
              <Qualifier name="Default Data">23</Qualifier>
              <Qualifier name="Field Units">C</Qualifier>
              <Qualifier name="Upper Limit">Program Controlled</Qualifier>
              <Qualifier name="Lower Limit">Program Controlled</Qualifier>
            </ParameterValue>
          </PropertyData>
          <PropertyData property="pr11">
            <Data format="string">-</Data>
            <Qualifier name="Definition">Constant Pressure</Qualifier>
            <Qualifier name="Field Variable Compatible">Temperature</Qualifier>
            <Qualifier name="Symbol">Cᵨ</Qualifier>
            <ParameterValue parameter="pa2" format="string">
              <Data>Interpolation Options</Data>
              <Qualifier name="AlgorithmType">Linear Multivariate (Qhull)</Qualifier>
              <Qualifier name="Normalized">True</Qualifier>
              <Qualifier name="Cached">True</Qualifier>
              <Qualifier name="ExtrapolationType">Projection to the Bounding Box</Qualifier>
            </ParameterValue>
            <ParameterValue parameter="pa17" format="float">
              <Data>915.7</Data>
              <Qualifier name="Variable Type">Dependent</Qualifier>
              <Qualifier name="Offset">0 [J kg^-1 C^-1]</Qualifier>
              <Qualifier name="Scale">1</Qualifier>
              <Qualifier name="Units">J kg^-1 C^-1</Qualifier>
            </ParameterValue>
            <ParameterValue parameter="pa5" format="float">
              <Data>23</Data>
              <Qualifier name="Variable Type">Independent</Qualifier>
              <Qualifier name="Offset">0 [C]</Qualifier>
              <Qualifier name="Scale">1</Qualifier>
              <Qualifier name="Units">C</Qualifier>
              <Qualifier name="Field Variable">Temperature</Qualifier>
              <Qualifier name="Default Data">23</Qualifier>
              <Qualifier name="Field Units">C</Qualifier>
              <Qualifier name="Upper Limit">Program Controlled</Qualifier>
              <Qualifier name="Lower Limit">Program Controlled</Qualifier>
            </ParameterValue>
          </PropertyData>
          <PropertyData property="pr15">
            <Data format="string">-</Data>
            <Qualifier name="Behavior">Isotropic</Qualifier>
            <ParameterValue parameter="pa30" format="float">
              <Data>3.999e-08</Data>
              <Qualifier name="Variable Type">Dependent</Qualifier>
              <Qualifier name="Offset">0 [ohm m]</Qualifier>
              <Qualifier name="Scale">1</Qualifier>
              <Qualifier name="Units">ohm m</Qualifier>
            </ParameterValue>
            <ParameterValue parameter="pa5" format="float">
              <Data>23</Data>
              <Qualifier name="Variable Type">Independent</Qualifier>
              <Qualifier name="Offset">0 [C]</Qualifier>
              <Qualifier name="Scale">1</Qualifier>
              <Qualifier name="Units">C</Qualifier>
            </ParameterValue>
          </PropertyData>
          <PropertyData property="pr17">
            <Data format="string">-</Data>
            <ParameterValue parameter="pa33" format="float">
              <Data>111400000</Data>
              <Qualifier name="Variable Type">Dependent</Qualifier>
              <Qualifier name="Offset">0 [J/kg]</Qualifier>
              <Qualifier name="Scale">1</Qualifier>
              <Qualifier name="Units">J/kg</Qualifier>
            </ParameterValue>
          </PropertyData>
          <PropertyData property="pr18">
            <Data format="string">-</Data>
            <ParameterValue parameter="pa34" format="float">
              <Data>8.07</Data>
              <Qualifier name="Variable Type">Dependent</Qualifier>
              <Qualifier name="Offset">0 [kg/kg]</Qualifier>
              <Qualifier name="Scale">1</Qualifier>
              <Qualifier name="Units">kg/kg</Qualifier>
            </ParameterValue>
          </PropertyData>
          <PropertyData property="pr19">
            <Data format="string">-</Data>
            <ParameterValue parameter="pa35" format="float">
              <Data>1</Data>
              <Qualifier name="Variable Type">Dependent</Qualifier>
              <Qualifier name="Offset">0</Qualifier>
              <Qualifier name="Scale">1</Qualifier>
              <Qualifier name="Units">
              </Qualifier>
            </ParameterValue>
          </PropertyData>
          <PropertyData property="pr20">
            <Data format="string">-</Data>
            <Qualifier name="MaterialElectromagneticProperties">False</Qualifier>
            <Qualifier name="Display">False</Qualifier>
          </PropertyData>
          <PropertyData property="pr21">
            <Data format="string">-</Data>
            <Qualifier name="guid">ed9554a2-d63e-499f-b44e-ac0ee792b988</Qualifier>
            <Qualifier name="Display">False</Qualifier>
          </PropertyData>
          <PropertyData property="pr22">
            <Data format="string">-</Data>
            <Qualifier name="Data version">2</Qualifier>
            <Qualifier name="Data link version">1</Qualifier>
            <Qualifier name="Database key">Main</Qualifier>
            <Qualifier name="History guid">ed9554a2-d63e-499f-b44e-ac0ee792b988</Qualifier>
            <Qualifier name="Version guid">ed9554a2-d63e-499f-b44e-ac0ee792b988</Qualifier>
            <Qualifier name="Model guid">4E957B12-2E45-44E6-9185-4C722C2A9A78</Qualifier>
            <Qualifier name="Model version">0</Qualifier>
            <Qualifier name="Granta data">True</Qualifier>
            <Qualifier name="Display">False</Qualifier>
          </PropertyData>
          <PropertyData property="pr23">
            <Data format="string">-</Data>
            <Qualifier name="Stateless Name">Aluminum alloy</Qualifier>
            <Qualifier name="State">Solid</Qualifier>
            <Qualifier name="Is Default State">true</Qualifier>
            <Qualifier name="Display">False</Qualifier>
          </PropertyData>
        </BulkDetails>
      </Material>
      <Metadata>
        <ParameterDetails id="pa0">
          <Name>Compressive Ultimate Strength</Name>
          <Units name="Stress" />
        </ParameterDetails>
        <ParameterDetails id="pa1">
          <Name>Compressive Yield Strength</Name>
          <Units name="Stress" />
        </ParameterDetails>
        <ParameterDetails id="pa2">
          <Name>Options Variable</Name>
        </ParameterDetails>
        <ParameterDetails id="pa3">
          <Name>Density</Name>
          <Units name="Density" />
        </ParameterDetails>
        <ParameterDetails id="pa5">
          <Name>Temperature</Name>
          <Units name="Temperature" />
        </ParameterDetails>
        <ParameterDetails id="pa9">
          <Name>Tensile Yield Strength</Name>
          <Units name="Stress" />
        </ParameterDetails>
        <ParameterDetails id="pa10">
          <Name>Tensile Ultimate Strength</Name>
          <Units name="Stress" />
        </ParameterDetails>
        <ParameterDetails id="pa13">
          <Name>Coefficient of Thermal Expansion</Name>
          <Units name="InvTemp1" />
        </ParameterDetails>
        <ParameterDetails id="pa14">
          <Name>Zero-Thermal-Strain Reference Temperature</Name>
          <Units name="Temperature" />
        </ParameterDetails>
        <ParameterDetails id="pa17">
          <Name>Specific Heat</Name>
          <Units name="Specific Heat Capacity" />
        </ParameterDetails>
        <ParameterDetails id="pa20">
          <Name>Thermal Conductivity</Name>
          <Units name="Thermal Conductivity" />
        </ParameterDetails>
        <ParameterDetails id="pa21">
          <Name>Alternating Stress</Name>
          <Units name="Stress" />
        </ParameterDetails>
        <ParameterDetails id="pa22">
          <Name>Cycles</Name>
        </ParameterDetails>
        <ParameterDetails id="pa23">
          <Name>Mean Stress</Name>
          <Units name="Stress" />
        </ParameterDetails>
        <ParameterDetails id="pa24">
          <Name>Strength Coefficient</Name>
          <Units name="Stress" />
        </ParameterDetails>
        <ParameterDetails id="pa25">
          <Name>Strength Exponent</Name>
        </ParameterDetails>
        <ParameterDetails id="pa26">
          <Name>Ductility Coefficient</Name>
        </ParameterDetails>
        <ParameterDetails id="pa27">
          <Name>Ductility Exponent</Name>
        </ParameterDetails>
        <ParameterDetails id="pa28">
          <Name>Cyclic Strength Coefficient</Name>
          <Units name="Stress" />
        </ParameterDetails>
        <ParameterDetails id="pa29">
          <Name>Cyclic Strain Hardening Exponent</Name>
        </ParameterDetails>
        <ParameterDetails id="pa30">
          <Name>Resistivity</Name>
          <Units name="Electrical Resistivity" />
        </ParameterDetails>
        <ParameterDetails id="pa32">
          <Name>Relative Permeability</Name>
        </ParameterDetails>
        <ParameterDetails id="pa4">
          <Name>Red</Name>
        </ParameterDetails>
        <ParameterDetails id="pa6">
          <Name>Green</Name>
        </ParameterDetails>
        <ParameterDetails id="pa7">
          <Name>Blue</Name>
        </ParameterDetails>
        <ParameterDetails id="pa8">
          <Name>Material Property</Name>
        </ParameterDetails>
        <ParameterDetails id="pa31">
          <Name>R-Ratio</Name>
        </ParameterDetails>
        <ParameterDetails id="pa11">
          <Name>Opacity</Name>
        </ParameterDetails>
        <ParameterDetails id="pa12">
          <Name>Metallic Finish</Name>
        </ParameterDetails>
        <ParameterDetails id="pa15">
          <Name>Young's Modulus</Name>
          <Units name="Stress" />
        </ParameterDetails>
        <ParameterDetails id="pa16">
          <Name>Poisson's Ratio</Name>
        </ParameterDetails>
        <ParameterDetails id="pa18">
          <Name>Bulk Modulus</Name>
          <Units name="Stress" />
        </ParameterDetails>
        <ParameterDetails id="pa19">
          <Name>Shear Modulus</Name>
          <Units name="Stress" />
        </ParameterDetails>
        <ParameterDetails id="pa33">
          <Name>Embodied energy</Name>
          <Units name="Energy Density by Mass" />
        </ParameterDetails>
        <ParameterDetails id="pa34">
          <Name>Climate change CO2-eq</Name>
          <Units name="A Weighted Sound Pressure Level" />
        </ParameterDetails>
        <ParameterDetails id="pa35">
          <Name>Recycle</Name>
        </ParameterDetails>
        <PropertyDetails id="pr0">
          <Name>Compressive Ultimate Strength</Name>
        </PropertyDetails>
        <PropertyDetails id="pr1">
          <Name>Compressive Yield Strength</Name>
        </PropertyDetails>
        <PropertyDetails id="pr2">
          <Name>Density</Name>
        </PropertyDetails>
        <PropertyDetails id="pr3">
          <Name>Color</Name>
        </PropertyDetails>
        <PropertyDetails id="pr4">
          <Name>Tensile Yield Strength</Name>
        </PropertyDetails>
        <PropertyDetails id="pr5">
          <Name>Tensile Ultimate Strength</Name>
        </PropertyDetails>
        <PropertyDetails id="pr6">
          <Name>Opacity</Name>
        </PropertyDetails>
        <PropertyDetails id="pr7">
          <Name>Coefficient of Thermal Expansion</Name>
        </PropertyDetails>
        <PropertyDetails id="pr8">
          <Name>Metallic Finish</Name>
        </PropertyDetails>
        <PropertyDetails id="pr9">
          <Name>Zero-Thermal-Strain Reference Temperature</Name>
        </PropertyDetails>
        <PropertyDetails id="pr10">
          <Name>Elasticity</Name>
        </PropertyDetails>
        <PropertyDetails id="pr11">
          <Name>Specific Heat</Name>
        </PropertyDetails>
        <PropertyDetails id="pr12">
          <Name>Thermal Conductivity</Name>
        </PropertyDetails>
        <PropertyDetails id="pr13">
          <Name>S-N Curve</Name>
        </PropertyDetails>
        <PropertyDetails id="pr14">
          <Name>Strain-Life Parameters</Name>
        </PropertyDetails>
        <PropertyDetails id="pr15">
          <Name>Resistivity</Name>
        </PropertyDetails>
        <PropertyDetails id="pr16">
          <Name>Relative Permeability</Name>
        </PropertyDetails>
        <PropertyDetails id="pr17">
          <Name>Embodied energy</Name>
        </PropertyDetails>
        <PropertyDetails id="pr18">
          <Name>Climate change CO2-eq</Name>
        </PropertyDetails>
        <PropertyDetails id="pr19">
          <Name>Recycle</Name>
        </PropertyDetails>
        <PropertyDetails id="pr20">
          <Name>Compatibility Info</Name>
        </PropertyDetails>
        <PropertyDetails id="pr21">
          <Name>Material Unique Id</Name>
        </PropertyDetails>
        <PropertyDetails id="pr22">
          <Name>Granta material details</Name>
        </PropertyDetails>
        <PropertyDetails id="pr23">
          <Name>State Info</Name>
        </PropertyDetails>
      </Metadata>
    </MatML_Doc>
  </Materials>
  <ANSYSWBTransferData>
    <Materials>
      <Material>
        <Name>Structural Steel</Name>
        <DataTransferID>c22412c9-cc54-40c5-9042-7043aa867f77</DataTransferID>
        <PreviousTransferIDs>a974efdb-fbd6-4f0f-81fa-ba3a15794535,,b275863f-9bc7-4e38-9041-b04cfbe2e717,,7eb8aa77-72ac-44d6-8be5-bf46640a1f34,,552442dd-2dca-4453-9ffe-8fbb40a6df2f,,3d63bccb-2250-45ef-b3d0-8530ed665d43,,</PreviousTransferIDs>
      </Material>
      <Material>
        <Name>Aluminum Alloy</Name>
        <DataTransferID>60539aad-6ac9-4cf4-bd81-ae9c49d26a3d</DataTransferID>
        <PreviousTransferIDs>03b22c84-a94b-4d48-ae81-876d8df957ad,,0d26fc54-61b5-4273-abe5-6806bb9972ed,,ee58676b-339d-4de1-be4c-00135cdf1fa6,,cf3e119c-0b0d-4e2a-b8d4-de1ed976511a,,1fb3258d-9f51-425c-b0a7-16ffb34fad72,,</PreviousTransferIDs>
      </Material>
      <Material>
        <Name>纯铜，C10100，硬质</Name>
        <DataTransferID>c2a07375-1d73-4cc3-b4c5-fa5b6dad5f63</DataTransferID>
        <PreviousTransferIDs>78cba276-9a41-4bc6-b628-80a60951d6ea,,</PreviousTransferIDs>
      </Material>
      <Material>
        <Name>铝合金，锻造，6061，T6</Name>
        <DataTransferID>bbd91cb2-eeb9-4d00-8eeb-899288d84c51</DataTransferID>
        <PreviousTransferIDs>417514c3-23bb-4273-9908-8386c4ebd8a3,,</PreviousTransferIDs>
      </Material>
    </Materials>
  </ANSYSWBTransferData>
</EngineeringData>